"start","stop","mission(s)","instrument(s)","region","D","R","Conf","NConf"
"1974-02-05T00:00:00","1974-02-05T23:59:59","Mariner 10","","Venus","24513","15","4044645.0","0.0000"
"1974-02-05T00:00:00","1974-02-05T00:00:00","Mariner 10","","Mercury","1124","5","61820.0","0.9847"
"1995-09-10T00:00:00","1995-09-10T00:00:00","Wind","3DP,MFI","Earth.Magnetosphere.Main","27","1","42.0","1.0000"
"1995-09-10T00:00:00","1995-09-10T00:00:00","Wind","3DP,MFI","Earth.Magnetosphere.Main","7","1","10.0","1.0000"
"1995-09-10T02:03:00","1995-09-10T02:03:59","Wind","3DP,MFI","Earth.Magnetosphere.Main","655","1","1018.0","0.9997"
"1995-09-10T06:20:00","1995-09-10T06:20:59","Wind","3DP,MFI","Earth.Magnetosphere.Main","1018","1","1583.0","0.9996"
"1995-09-10T13:52:00","1995-09-10T13:52:59","Wind","3DP,MFI","Earth.Magnetosphere.Main","473","1","735.0","0.9998"
"1996-01-12T00:00:00","1996-01-12T23:59:59","Wind","","Earth.Magnetosheath","24","1","64.0","1.0000"
"1996-01-12T00:00:00","1996-01-12T23:59:59","Wind","","Earth.Magnetosheath","28","1","74.0","1.0000"
"1996-01-12T00:49:00","1996-01-12T00:49:59","Wind","","Earth.Magnetosheath","168","1","448.0","0.9999"
"1996-01-12T10:49:00","1996-01-12T10:49:59","Wind","","Earth.Magnetosheath","574","1","1530.0","0.9996"
"1996-01-12T11:26:00","1996-01-12T11:26:59","Wind","","Earth.Magnetosheath","137","1","365.0","0.9999"
"1996-01-12T15:08:00","1996-01-12T15:08:59","Wind","","Earth.Magnetosheath","226","2","1205.0","0.9997"
"1996-01-12T18:46:00","1996-01-12T18:46:59","Wind","","Earth.Magnetosheath","45","1","120.0","1.0000"
"1996-01-12T19:01:00","1996-01-12T19:01:59","Wind","","Earth.Magnetosheath","50","1","133.0","1.0000"
"1996-01-12T19:26:00","1996-01-12T19:26:59","Wind","","Earth.Magnetosheath","1874","1","4997.0","0.9988"
"1996-01-12T19:55:00","1996-01-12T19:55:59","Wind","","Earth.Magnetosheath","316","2","1685.0","0.9996"
"1996-01-12T19:55:00","1996-01-12T19:55:59","Wind","","Earth.Magnetosheath","562","1","1498.0","0.9996"
"1996-01-12T19:55:00","1996-01-12T19:55:59","Wind","","Earth.Magnetosheath","947","1","2525.0","0.9994"
"1996-07-01T00:00:00","1996-07-01T23:59:59","STEREO","","Heliosphere.Remote1AU","1265","1","4427.0","0.9989"
"1996-07-01T00:00:00","1996-07-01T00:00:00","Wind","3DP,MFI","Earth.Magnetosphere.Main","60","1","93.0","1.0000"
"1997-11-04T00:00:00","1997-11-04T23:59:59","ACE","","Heliosphere.NearEarth","34","1","170.0","1.0000"
"1998-03-26T00:00:00","1998-09-23T23:59:59","MGS","","Heliosphere.Outer","224","1","377.0","0.9999"
"1998-07-14T00:00:00","1998-07-14T23:59:59","TRACE","Telescope","Earth.NearSurface","2152","1","3905.0","0.9990"
"1999-09-22T00:00:00","1999-09-22T23:59:59","Wind","","Earth.Magnetosphere.Main","3574","5","104889.0","0.9741"
"1999-09-22T00:00:00","1999-09-22T00:00:59","GONG","","Earth.Surface","3504","8","1261440.0","0.6881"
"1999-09-22T00:04:00","1999-09-22T00:04:59","Wind","","Earth.Magnetosphere.Main","8481","9","448018.0","0.8892"
"1999-09-22T07:00:00","1999-09-22T07:00:59","Wind","","Earth.Magnetosphere.Main","6069","7","249356.0","0.9383"
"1999-09-22T11:07:00","1999-09-22T09:28:00","GONG","","Earth.Surface","3618","8","1302480.0","0.6780"
"1999-09-22T18:00:00","1999-09-22T18:00:59","GONG","","Earth.Surface","4013","11","1986435.0","0.5089"
"1999-09-22T19:00:00","1999-09-22T19:00:59","Wind","","Earth.Magnetosphere.Main","6075","7","249603.0","0.9383"
"1999-09-22T20:34:00","1999-09-22T20:34:59","GONG","","Earth.Surface","3569","8","1284840.0","0.6823"
"2000-08-13T01:00:00","2000-08-13T02:00:59","Wind","3DP,MFI","Earth.Magnetosphere.Main","1309","1","2036.0","0.9995"
"2001-08-12T00:00:00","2001-08-12T23:59:59","Cluster","WHISPER,CIS,FGM,EFW,HIA,CODIF","Earth.Magnetosphere.Main","113","1","126.0","1.0000"
"2001-08-12T18:40:00","2001-08-12T18:40:59","Cluster","WHISPER,CIS,FGM,EFW,HIA,CODIF","Earth.Magnetosphere.Main","133","1","149.0","1.0000"
"2001-08-22T00:00:00","2001-08-22T23:59:59","Cluster","WHISPER,CIS,FGM,EFW,HIA,CODIF","Earth.Magnetosphere.Main","2638","1","2957.0","0.9993"
"2001-08-22T00:00:00","2001-08-22T23:59:59","Cluster","WHISPER,CIS,FGM,EFW,HIA,CODIF","Earth.Magnetosphere.Main","12","1","13.0","1.0000"
"2001-08-22T00:00:00","2001-08-22T00:00:00","Cluster","WHISPER,CIS,FGM,EFW,HIA,CODIF","Earth.Magnetosphere.Polar","234","1","262.0","0.9999"
"2001-08-22T09:40:00","2001-08-22T09:52:00","Cluster","WHISPER,CIS,FGM,EFW,HIA,CODIF","Earth.Magnetosphere.Main","72","1","80.0","1.0000"
"2001-08-22T09:40:00","2001-08-22T09:49:00","Cluster","WHISPER,CIS,FGM,EFW,HIA,CODIF","Earth.Magnetosphere.Main","223","1","250.0","0.9999"
"2001-08-22T09:40:00","2001-08-22T09:45:00","Cluster","WHISPER,CIS,FGM,EFW,HIA,CODIF","Earth.Magnetosphere.Main","1275","1","1429.0","0.9996"
"2001-08-22T09:52:00","2001-08-22T09:58:00","Cluster","WHISPER,CIS,FGM,EFW,HIA,CODIF","Earth.Magnetosphere.Main","1083","1","1214.0","0.9997"
"2001-08-22T09:52:00","2001-08-22T09:58:00","Cluster","WHISPER,CIS,FGM,EFW,HIA,CODIF","Earth.Magnetosphere.Main","1311","1","1469.0","0.9996"
"2001-08-27T00:00:00","2001-08-27T23:59:59","Cluster","WHISPER,CIS,FGM,EFW,HIA,CODIF","Earth.Magnetosphere.Main","240","1","269.0","0.9999"
"2001-09-10T00:00:00","2001-09-10T00:00:00","Cluster","WHISPER,CIS,FGM,EFW,HIA,CODIF","Earth.Magnetosphere.Main","33","1","37.0","1.0000"
"2001-09-10T00:00:00","2001-09-10T00:00:00","Cluster","WHISPER,CIS,FGM,EFW,HIA,CODIF","Earth.Magnetosphere.Main","52","1","58.0","1.0000"
"2001-10-01T00:00:00","2001-10-01T23:59:59","Cluster","WHISPER,CIS,FGM,EFW,HIA,CODIF","Earth.Magnetosphere.Main","889","1","996.0","0.9998"
"2001-10-01T00:00:00","2001-10-01T23:59:59","Cluster","WHISPER,CIS,FGM,EFW,HIA,CODIF","Earth.Magnetosphere.Main","19","1","21.0","1.0000"
"2001-10-01T00:00:00","2001-10-01T23:59:59","Cluster","WHISPER,CIS,FGM,EFW,HIA,CODIF","Earth.Magnetosphere.Main","3657","1","4100.0","0.9990"
"2001-10-01T00:00:00","2001-10-01T23:59:59","Cluster","WHISPER,CIS,FGM,EFW,HIA,CODIF","Earth.Magnetosphere.Main","1372","1","1538.0","0.9996"
"2001-10-01T09:40:00","2001-10-01T09:55:00","Cluster","WHISPER,CIS,FGM,EFW,HIA,CODIF","Earth.Magnetosphere.Main","289","1","324.0","0.9999"
"2001-10-01T09:46:45","2001-10-01T09:47:45","Cluster","WHISPER,CIS,FGM,EFW,HIA,CODIF","Earth.Magnetosphere.Main","5869","1","6580.0","0.9984"
"2001-10-01T09:47:00","2001-10-01T09:51:00","Cluster","WHISPER,CIS,FGM,EFW,HIA,CODIF","Earth.Magnetosphere.Main","262","1","293.0","0.9999"
"2001-10-01T23:30:00","2001-10-01T23:30:59","Cluster","WHISPER,CIS,FGM,EFW,HIA,CODIF","Earth.Magnetosphere.Main","1769","1","1983.0","0.9995"
"2002-01-11T00:00:00","2002-01-11T23:59:59","Cluster","CIS,PEACE,FGM,EFW","Earth.Magnetosphere.Main","164","1","234.0","0.9999"
"2002-01-11T00:00:00","2002-01-11T23:59:59","Cluster","CIS,PEACE,FGM,EFW","Earth.Magnetosphere.Main","59","1","84.0","1.0000"
"2002-01-11T00:00:00","2002-01-11T23:59:59","Cluster","CIS,PEACE,FGM,EFW","Earth.Magnetosphere.Main","328","1","469.0","0.9999"
"2002-01-11T00:00:00","2002-01-11T00:00:00","Cluster","CIS,PEACE,FGM,EFW","Earth.Magnetosphere.Main","564","1","807.0","0.9998"
"2002-01-11T00:00:00","2002-01-11T00:00:00","Cluster","CIS,PEACE,FGM,EFW","Earth.Magnetosphere.Main","885","1","1267.0","0.9997"
"2002-01-11T00:00:00","2002-01-11T23:59:59","Cluster","CIS,PEACE,FGM,EFW","Earth.Magnetosphere.Polar","23","1","32.0","1.0000"
"2003-09-19T00:00:00","2003-09-19T23:59:59","Cluster","WHISPER,CIS,FGM,EFW,HIA,CODIF","Earth.Magnetosphere.Main","1780","1","1995.0","0.9995"
"2003-09-19T00:00:00","2003-09-19T00:00:00","Cluster","WHISPER,CIS,FGM,EFW,HIA,CODIF","Earth.Magnetosphere.Main","3538","1","3966.0","0.9990"
"2003-09-19T00:00:00","2003-09-19T00:00:00","Cluster","WHISPER,CIS,FGM,EFW,HIA,CODIF","Earth.Magnetosphere.Main","3774","1","4231.0","0.9990"
"2003-09-19T00:00:00","2003-09-19T00:00:00","Cluster","WHISPER,CIS,FGM,EFW,HIA,CODIF","Earth.Magnetosphere.Main","14","1","15.0","1.0000"
"2003-10-02T00:00:00","2003-10-02T23:59:59","Cluster","WHISPER,CIS,FGM,EFW,HIA,CODIF","Earth.Magnetosphere.Main","368","1","412.0","0.9999"
"2003-10-02T00:00:00","2003-10-02T00:00:00","Cluster","WHISPER,CIS,FGM,EFW,HIA,CODIF","Earth.Magnetosphere.Main","294","1","329.0","0.9999"
"2003-10-02T00:47:00","2003-10-02T00:47:59","Cluster","WHISPER,CIS,FGM,EFW,HIA,CODIF","Earth.Magnetosphere.Main","385","1","431.0","0.9999"
"2005-09-21T00:00:00","2005-09-21T23:59:59","Cassini","","Earth.Magnetosphere","106","1","111.0","1.0000"
"2005-10-10T00:00:00","2005-10-10T23:59:59","Cassini","","Earth.Magnetosphere","89","1","93.0","1.0000"
"2005-10-10T00:00:00","2005-10-10T23:59:59","Cassini","","Earth.Magnetosphere","4346","1","4563.0","0.9989"
"2008-04-11T00:00:00","2008-04-11T23:59:59","Cluster","FGM,EFW,CIS","Heliosphere.NearEarth","1507","1","0.0104740061162079","1.0000"
"2008-04-11T00:00:00","2008-04-11T23:59:59","Cluster","FGM,EFW,CIS","Heliosphere.NearEarth","15","1","0.0001042535446205","1.0000"
"2008-04-11T00:00:00","2008-04-11T23:59:59","Cluster","FGM,EFW,CIS","Heliosphere.NearEarth","164","1","0.0011398387545176","1.0000"
"2008-04-11T00:00:00","2008-04-11T23:59:59","Cluster-1","FGM,EFW,CIS","Heliosphere.NearEarth","259","1","0.0180011120378092","1.0000"
"2008-04-11T00:00:00","2008-04-11T23:59:59","Cluster","FGM,EFW,CIS","Heliosphere.NearEarth","259","1","0.0018001112037809","1.0000"
"2008-04-11T00:00:00","2008-04-11T23:59:59","Cluster","FGM,EFW,CIS","Heliosphere.NearEarth","877","1","0.0060953572421462","1.0000"
"2008-04-11T00:00:00","2008-04-11T23:59:59","Cluster","FGM,EFW,CIS","Heliosphere.NearEarth","1357","1","0.0094314706700027","1.0000"
"2008-04-15T12:25:40","2008-04-15T12:25:40","Cluster","FGM,EFW,CIS","Heliosphere.NearEarth","8716","1","0.0605782596608284","1.0000"
"2008-04-15T12:25:40","2008-04-15T12:25:40","Cluster","FGM,EFW,CIS","Heliosphere.NearEarth","8816","1","0.0612732832916319","1.0000"
"2008-04-15T12:25:40","2008-04-15T12:25:40","Cluster","FGM,EFW,CIS","Heliosphere.NearEarth","12929","1","0.0898596052265777","1.0000"
"2008-04-15T12:26:00","2008-04-15T12:26:00","MMS","","Earth.Magnetosphere","14388","1","1.0","1.0000"
"2008-04-15T12:26:00","2008-04-15T12:26:00","Cluster","FGM,EFW,CIS","Heliosphere.NearEarth","12943","1","0.0899569085348901","1.0000"
"2011-02-15T00:00:00","2011-02-15T23:59:59","ARTEMIS","SST,ESA","Heliosphere.NearEarth","182","1","773.0","0.9998"
"2011-02-19T00:00:00","2011-02-19T23:59:59","THEMIS-C","SST,ESA","Heliosphere.NearEarth","15","1","36.0","1.0000"
"2011-02-19T00:00:00","2011-02-19T23:59:59","THEMIS-B","SST,ESA","Heliosphere.NearEarth","101","1","286.0","0.9999"
"2011-02-19T00:00:00","2011-02-19T00:00:00","THEMIS-B","SST,ESA","Heliosphere.NearEarth","510","1","1445.0","0.9996"
"2011-02-19T06:30:00","2011-02-19T08:15:00","THEMIS-C","SST,ESA","Heliosphere.NearEarth","148","1","359.0","0.9999"
"2011-03-18T00:00:00","2011-03-18T23:59:59","MESSENGER","FIPS","Earth.Magnetosphere","48","1","51.0","1.0000"
"2011-03-18T00:00:00","2011-03-18T23:59:59","MESSENGER","","Earth.Magnetosphere","121","1","151.0","1.0000"
"2011-03-18T00:00:00","2011-03-18T00:00:00","MESSENGER","","Earth.Magnetosphere","551","1","688.0","0.9998"
"2011-03-18T00:00:00","2011-03-18T00:00:00","MESSENGER","","Earth.Magnetosphere","136","1","170.0","1.0000"
"2011-07-01T00:00:00","2011-07-01T23:59:59","MESSENGER","FIPS","Earth.Magnetosphere","46","1","49.0","1.0000"
"2011-07-01T00:00:00","2011-07-01T23:59:59","MESSENGER","FIPS","Earth.Magnetosphere","278","1","297.0","0.9999"
"2012-02-01T00:00:00","2012-02-01T23:59:59","MESSENGER","","Earth.Magnetosphere","1559","1","1948.0","0.9995"
"2012-04-16T00:00:00","2012-04-16T23:59:59","MESSENGER","FIPS","Earth.Magnetosphere","143","1","153.0","1.0000"
"2012-06-18T00:00:00","2012-06-18T23:59:59","MESSENGER","FIPS","Earth.Magnetosphere","59","1","63.0","1.0000"
"2012-06-18T00:00:00","2012-06-18T23:59:59","MESSENGER","FIPS","Earth.Magnetosphere","484","1","518.0","0.9999"
"2012-06-18T00:00:00","2012-06-18T00:00:00","MESSENGER","FIPS","Earth.Magnetosphere","11","1","11.0","1.0000"
"2012-06-18T00:02:00","2012-06-18T00:02:59","MESSENGER","FIPS","Earth.Magnetosphere","620","1","664.0","0.9998"
"2012-06-18T00:08:00","2012-06-18T00:08:59","MESSENGER","FIPS","Earth.Magnetosphere","600","1","642.0","0.9998"
"2012-06-18T23:37:00","2012-06-18T23:37:59","MESSENGER","FIPS","Earth.Magnetosphere","608","1","651.0","0.9998"
"2012-12-09T00:00:00","2012-12-09T23:59:59","MESSENGER","FIPS","Earth.Magnetosphere","390","1","417.0","0.9999"
"2012-12-15T00:00:00","2012-12-15T23:59:59","MESSENGER","FIPS","Earth.Magnetosphere","79","1","84.0","1.0000"
"2017-03-15T00:00:00","2017-03-15T23:59:59","Wind","","Earth.Magnetosphere.Main","2979","1","6702.0","0.9983"
"2017-03-15T00:00:00","2017-03-15T00:00:00","Wind","","Earth.Magnetosphere.Main","6705","1","15086.0","0.9963"
"2017-03-15T00:00:00","2017-03-15T23:59:59","Wind","","Earth.Magnetosphere.Main","4964","1","11169.0","0.9972"
"2017-03-15T00:00:00","2017-03-15T23:59:59","Wind","","Earth.Magnetosphere.Main","5203","1","11706.0","0.9971"
"2017-03-15T00:00:00","2017-03-15T23:59:59","Wind","","Earth.Magnetosphere.Main","11576","2","52092.0","0.9871"
"2017-08-06T00:00:00","2017-08-06T23:59:59","Wind","","Earth.Magnetosphere.Main","1826","1","4108.0","0.9990"
"2017-08-08T00:00:00","2017-08-08T23:59:59","Wind","","Earth.Magnetosphere.Main","6909","1","15545.0","0.9962"
"2017-08-15T00:00:00","2017-08-15T23:59:59","Wind","","Earth.Magnetosphere.Main","9","1","20.0","1.0000"
"2017-08-15T00:00:00","2017-08-15T23:59:59","Wind","","Earth.Magnetosphere.Main","4868","1","10953.0","0.9973"
"2017-08-15T00:00:00","2017-08-15T23:59:59","Wind","","Earth.Magnetosphere.Main","5839","1","13137.0","0.9968"
"2017-08-15T00:00:00","2017-08-15T23:59:59","Wind","","Earth.Magnetosphere.Main","6391","1","14379.0","0.9964"
"2017-08-15T00:00:00","2017-08-15T23:59:59","Wind","","Earth.Magnetosphere.Main","11526","2","51867.0","0.9872"
"2017-08-15T00:00:00","2017-08-15T23:59:59","Wind","","Earth.Magnetosphere.Main","15856","2","71352.0","0.9824"
"2017-08-15T00:00:00","2017-08-15T23:59:59","Wind","","Earth.Magnetosphere.Main","17175","5","193218.0","0.9522"
"2017-08-15T00:00:00","2017-08-15T23:59:59","Wind","","Earth.Magnetosphere.Main","17810","5","200362.0","0.9505"
"2017-08-15T12:00:00","2017-08-15T12:00:59","Wind","","Earth.Magnetosphere.Main","191","1","429.0","0.9999"
"2018-10-03T00:00:00","2019-12-26T23:59:59","PSP","","Sun","151","1","4983.0","0.9988"
"2018-11-06T00:00:00","2018-11-06T23:59:59","PSP","FIELDS,MAG,SPC","Sun","791","1","1390.0","0.9997"
"2018-11-15T00:00:00","2018-11-15T23:59:59","PSP","FIELDS,MAG,SPC","Sun","8","1","14.0","1.0000"
"2020-02-10T00:00:00","2020-02-10T23:59:59","SolarOrbiter","SWA/PAS,MAG,PAS","Heliosphere.Inner","18","1","45.0","1.0000"
"2020-02-10T00:00:00","2020-02-10T23:59:59","SolarOrbiter","PAS","Heliosphere.Inner","98","1","588.0","0.9999"
"2020-02-10T00:00:00","2020-02-10T23:59:59","SolarOrbiter","PAS","Heliosphere.Inner","37","1","52.0","1.0000"
"2020-02-10T08:00:00","2020-02-10T08:00:59","PSP","FIELDS,MAG,SPC","Sun","74","1","130.0","1.0000"
"2020-02-10T08:00:00","2020-02-10T08:00:59","SolarOrbiter","SWA/PAS,MAG,PAS","Heliosphere.Inner","27","1","68.0","1.0000"
"2020-04-19T00:00:00","2020-04-19T23:59:59","SolarOrbiter","EPT,SIS,RPW,EPD/STEP,MAG,EPD,STEP,EPD/EPT","Heliosphere.Inner","18","1","27.0","1.0000"
"2020-05-06T00:00:00","2020-05-06T23:59:59","PSP","","Sun","29458","1","88374.0","0.9782"
"2020-05-06T00:00:00","2020-05-06T23:59:59","SolarOrbiter","PAS","Heliosphere.Inner","130","1","184.0","1.0000"
"2020-05-27T00:00:00","2020-05-27T23:59:59","PSP","FIELDS,MAG,SPC","Sun","28","1","49.0","1.0000"
"2020-05-29T00:00:00","2020-05-29T23:59:59","PSP","FIELDS,MAG,SPC","Sun","1894","1","3328.0","0.9992"
"2020-05-30T00:00:00","2020-05-30T23:59:59","SolarOrbiter","SPICE,EUI,EUI/HRI","Heliosphere.Inner","10","1","13.0","1.0000"
"2020-06-01T00:00:00","2020-06-01T23:59:59","PSP","FIELDS,MAG,SPC","Sun","158","1","277.0","0.9999"
"2020-06-01T00:00:00","2020-06-01T23:59:59","PSP","FIELDS,MAG,SPC","Sun","13442","1","23625.0","0.9942"
"2020-06-01T22:00:00","2020-06-01T22:00:59","PSP","FIELDS,MAG,SPC","Sun","70","1","123.0","1.0000"
"2020-06-02T00:00:00","2020-06-02T23:59:59","STEREO","","Heliosphere.Remote1AU","116","1","7830.0","0.9981"
"2020-06-03T00:00:00","2020-06-03T23:59:59","SOHO","","Heliosphere.NearEarth","13","1","877.0","0.9998"
"2020-06-03T00:00:00","2020-06-03T00:00:59","GONG","","Earth.Surface","577","1","25965.0","0.9936"
"2020-06-03T00:00:00","2020-06-03T23:59:59","SolarOrbiter","SWA/PAS,MAG,PAS","Heliosphere.Inner","1281","1","3230.0","0.9992"
"2020-06-03T12:00:00","2020-06-03T12:00:59","SolarOrbiter","EPT,SIS,RPW,EPD/STEP,MAG,EPD,STEP,EPD/EPT","Heliosphere.Inner","342","1","518.0","0.9999"
"2020-06-03T12:00:00","2020-06-03T12:00:59","PSP","FIELDS,MAG,SPC","Sun","465","1","817.0","0.9998"
"2020-06-04T00:00:00","2020-06-04T23:59:59","SolarOrbiter","EPT,SIS,RPW,EPD/STEP,MAG,EPD,STEP,EPD/EPT","Heliosphere.Inner","5642","1","8558.0","0.9979"
"2020-06-06T00:00:00","2020-06-06T23:59:59","SolarOrbiter","EPT,SIS,RPW,EPD/STEP,MAG,EPD,STEP,EPD/EPT","Heliosphere.Inner","21","1","31.0","1.0000"
"2020-06-06T00:00:00","2020-06-06T23:59:59","SolarOrbiter","SWA/PAS,MAG,PAS","Heliosphere.Inner","1042","1","2627.0","0.9994"
"2020-06-06T00:00:00","2020-06-06T00:00:00","SolarOrbiter","SWA/PAS,MAG,PAS","Heliosphere.Inner","1073","1","2705.0","0.9993"
"2020-06-06T08:00:00","2020-06-06T08:00:59","SolarOrbiter","EPT,SIS,RPW,EPD/STEP,MAG,EPD,STEP,EPD/EPT","Heliosphere.Inner","35","1","53.0","1.0000"
"2020-06-06T12:00:00","2020-06-06T12:00:59","SolarOrbiter","SWA/PAS,MAG,PAS","Heliosphere.Inner","1115","1","2811.0","0.9993"
"2020-06-06T23:00:00","2020-06-06T23:00:59","SolarOrbiter","EPT,SIS,RPW,EPD/STEP,MAG,EPD,STEP,EPD/EPT","Heliosphere.Inner","52","1","78.0","1.0000"
"2020-06-07T00:00:00","2020-06-07T23:59:59","SolarOrbiter","EPT,SIS,RPW,EPD/STEP,MAG,EPD,STEP,EPD/EPT","Heliosphere.Inner","148","1","224.0","0.9999"
"2020-06-07T00:00:00","2020-06-07T23:59:59","SolarOrbiter","EPT,SIS,RPW,EPD/STEP,MAG,EPD,STEP,EPD/EPT","Heliosphere.Inner","5835","1","8850.0","0.9978"
"2020-06-07T00:00:00","2020-06-07T23:59:59","SolarOrbiter","EPT,SIS,RPW,EPD/STEP,MAG,EPD,STEP,EPD/EPT","Heliosphere.Inner","250","1","379.0","0.9999"
"2020-06-07T00:00:00","2020-06-07T23:59:59","SolarOrbiter","EPT,SIS,RPW,EPD/STEP,MAG,EPD,STEP,EPD/EPT","Heliosphere.Inner","138","1","209.0","0.9999"
"2020-06-07T00:00:00","2020-06-07T23:59:59","SolarOrbiter","EPT,SIS,RPW,EPD/STEP,MAG,EPD,STEP,EPD/EPT","Heliosphere.Inner","2818","1","4274.0","0.9989"
"2020-06-07T00:00:00","2020-06-07T23:59:59","PSP","FIELDS,MAG,SPC","Sun","56","1","98.0","1.0000"
"2020-06-07T02:00:00","2020-06-07T14:22:59","SolarOrbiter","EPT,SIS,RPW,EPD/STEP,MAG,EPD,STEP,EPD/EPT","Heliosphere.Inner","28","1","42.0","1.0000"
"2020-06-07T02:13:00","2020-06-07T13:47:00","SolarOrbiter","EPT,SIS,RPW,EPD/STEP,MAG,EPD,STEP,EPD/EPT","Heliosphere.Inner","400","1","606.0","0.9999"
"2020-06-07T07:17:00","2020-06-07T21:26:59","SolarOrbiter","EPT,SIS,RPW,EPD/STEP,MAG,EPD,STEP,EPD/EPT","Heliosphere.Inner","170","1","257.0","0.9999"
"2020-06-07T13:53:00","2020-06-07T13:53:59","SolarOrbiter","EPT,SIS,RPW,EPD/STEP,MAG,EPD,STEP,EPD/EPT","Heliosphere.Inner","154","1","233.0","0.9999"
"2020-06-08T00:00:00","2020-06-08T23:59:59","SolarOrbiter","EPT,SIS,RPW,EPD/STEP,MAG,EPD,STEP,EPD/EPT","Heliosphere.Inner","104","1","157.0","1.0000"
"2020-06-08T00:00:00","2020-06-08T23:59:59","PSP","FIELDS,MAG,SPC","Sun","1908","1","3353.0","0.9992"
"2020-06-08T00:30:00","2020-06-08T00:30:59","SolarOrbiter","EPT,SIS,RPW,EPD/STEP,MAG,EPD,STEP,EPD/EPT","Heliosphere.Inner","529","1","802.0","0.9998"
"2020-06-08T11:30:00","2020-06-08T11:30:59","SolarOrbiter","EPT,SIS,RPW,EPD/STEP,MAG,EPD,STEP,EPD/EPT","Heliosphere.Inner","535","1","811.0","0.9998"
"2020-06-09T00:00:00","2020-06-09T23:59:59","Wind","","Earth.Magnetosphere.Main","130","1","763.0","0.9998"
"2020-06-11T00:00:00","2020-06-11T23:59:59","SolarOrbiter","EPT,SIS,RPW,EPD/STEP,MAG,EPD,STEP,EPD/EPT","Heliosphere.Inner","5658","1","8582.0","0.9979"
"2020-06-14T00:00:00","2020-06-14T23:59:59","PSP","FIELDS,MAG,SPC","Sun","652","1","1145.0","0.9997"
"2020-06-14T00:00:00","2020-06-14T23:59:59","PSP","FIELDS,MAG,SPC","Sun","816","1","1434.0","0.9996"
"2020-06-14T00:00:00","2020-06-14T23:59:59","PSP","FIELDS,MAG,SPC","Sun","611","1","1073.0","0.9997"
"2020-06-14T00:00:00","2020-06-14T23:59:59","PSP","FIELDS,MAG,SPC","Sun","2085","1","3664.0","0.9991"
"2020-06-14T00:00:00","2020-06-14T23:59:59","PSP","FIELDS,MAG,SPC","Sun","8753","1","15384.0","0.9962"
"2020-06-14T00:00:00","2020-06-14T23:59:59","PSP","FIELDS,MAG,SPC","Sun","11319","1","19894.0","0.9951"
"2020-06-15T00:00:00","2020-06-15T23:59:59","SolarOrbiter","EPT,SIS,RPW,EPD/STEP,MAG,EPD,STEP,EPD/EPT","Heliosphere.Inner","1744","1","2645.0","0.9993"
"2020-06-15T00:00:00","2020-06-15T23:59:59","PSP","FIELDS,MAG,SPC","Sun","976","1","1715.0","0.9996"
"2020-06-15T00:00:00","2020-06-15T12:00:00","SolarOrbiter","SWA/PAS,MAG,PAS","Heliosphere.Inner","476","1","1200.0","0.9997"
"2020-06-15T00:00:00","2020-06-15T00:00:00","SolarOrbiter","SWA/PAS,MAG,PAS","Heliosphere.Inner","501","1","1263.0","0.9997"
"2020-06-15T00:00:00","2020-06-15T00:00:00","SolarOrbiter","SWA/PAS,MAG,PAS","Heliosphere.Inner","900","1","2269.0","0.9994"
"2020-06-15T00:00:00","2020-06-15T00:00:59","SolarOrbiter","SWA/PAS,MAG,PAS","Heliosphere.Inner","976","1","2461.0","0.9994"
"2020-06-15T00:00:00","2020-06-15T23:59:59","PSP","FIELDS,MAG,SPC","Sun","40","1","70.0","1.0000"
"2020-06-15T00:00:00","2020-06-15T23:59:59","SolarOrbiter","PAS","Heliosphere.Inner","226","1","1356.0","0.9997"
"2020-06-15T00:00:00","2020-06-15T23:59:59","SolarOrbiter","PAS","Heliosphere.Inner","165","1","233.0","0.9999"
"2020-06-17T00:00:00","2020-06-17T23:59:59","PSP","FIELDS,MAG,SPC","Sun","684","1","1202.0","0.9997"
"2020-06-17T00:00:00","2020-06-17T23:59:59","PSP","FIELDS,MAG,SPC","Sun","1694","1","2977.0","0.9993"
"2020-06-17T00:00:00","2020-06-17T23:59:59","PSP","FIELDS,MAG,SPC","Sun","260","1","456.0","0.9999"
"2020-06-17T00:00:00","2020-06-17T00:00:00","PSP","FIELDS,MAG,SPC","Sun","486","1","854.0","0.9998"
"2020-06-18T00:00:00","2020-06-18T23:59:59","PSP","FIELDS,MAG,SPC","Sun","318","1","558.0","0.9999"
"2020-06-20T00:00:00","2020-06-20T23:59:59","PSP","FIELDS,MAG,SPC","Sun","10","1","17.0","1.0000"
"2020-06-20T12:00:00","2020-06-20T01:00:00","PSP","FIELDS,MAG,SPC","Sun","800","1","1406.0","0.9997"
"2020-06-20T18:00:00","2020-06-20T18:00:59","PSP","FIELDS,MAG,SPC","Sun","421","1","739.0","0.9998"
"2020-06-27T00:00:00","2020-06-27T23:59:59","PSP","FIELDS,MAG,SPC","Sun","281","1","493.0","0.9999"
"2020-06-27T00:00:00","2020-06-27T00:00:00","SolarOrbiter","SWA/PAS,MAG,PAS","Heliosphere.Inner","158","1","398.0","0.9999"
"2020-06-27T00:00:00","2020-06-27T00:00:00","SolarOrbiter","SWA/PAS,MAG,PAS","Heliosphere.Inner","246","1","620.0","0.9998"
"2020-06-27T00:00:00","2020-06-27T00:00:00","SolarOrbiter","SWA/PAS,MAG,PAS","Heliosphere.Inner","67","1","168.0","1.0000"
"2020-06-29T00:00:00","2020-06-29T23:59:59","SolarOrbiter","SWA/PAS,MAG,PAS","Heliosphere.Inner","182","1","458.0","0.9999"
"2020-07-16T00:00:00","2020-07-16T23:59:59","SolarOrbiter","SWA,PAS","Heliosphere.Inner","26","1","48.0","1.0000"
"2020-07-16T00:00:00","2020-07-16T23:59:59","Wind","","Heliosphere.NearEarth","355","1","4615.0","0.9989"
"2020-07-16T00:00:00","2020-07-16T23:59:59","SolarOrbiter","SWA,PAS","Heliosphere.Inner","2677","1","4971.0","0.9988"
"2020-07-16T00:00:00","2020-07-16T23:59:59","SolarOrbiter","SWA,PAS","Heliosphere.Inner","85","1","157.0","1.0000"
"2020-07-16T00:00:00","2020-07-16T23:59:59","SolarOrbiter","SWA,MAG","Heliosphere.Inner","29","1","34.0","1.0000"
"2020-07-16T00:00:00","2020-07-16T00:00:00","SolarOrbiter","SWA,MAG","Heliosphere.Inner","820","1","984.0","0.9998"
"2020-07-16T00:00:00","2020-07-16T00:00:00","SolarOrbiter","SWA,MAG","Heliosphere.Inner","1341","1","1609.0","0.9996"
"2020-07-16T00:00:00","2020-07-16T00:00:00","SolarOrbiter","SWA,MAG","Heliosphere.Inner","1908","1","2289.0","0.9994"
"2020-07-16T00:00:00","2020-07-16T00:00:00","SolarOrbiter","SWA,MAG","Heliosphere.Inner","6681","1","8017.0","0.9980"
"2020-07-16T07:01:45","2020-07-16T07:04:55","Wind","","Heliosphere.NearEarth","12667","1","164671.0","0.9593"
"2020-07-16T09:30:00","2020-07-16T09:30:59","Wind","","Heliosphere.NearEarth","3355","1","43615.0","0.9892"
"2020-07-16T09:30:00","2020-07-16T09:30:59","Wind","","Heliosphere.NearEarth","4179","1","54327.0","0.9866"
"2020-07-16T12:25:00","2020-07-16T12:25:59","SolarOrbiter","SWA,MAG","Heliosphere.Inner","6749","1","8098.0","0.9980"
"2020-07-16T12:38:00","2020-07-16T12:38:59","SolarOrbiter","SWA,MAG","Heliosphere.Inner","3669","1","4402.0","0.9989"
"2020-07-16T12:38:00","2020-07-16T12:38:59","SolarOrbiter","SWA,MAG","Heliosphere.Inner","4985","1","5982.0","0.9985"
"2020-07-16T12:38:00","2020-07-16T12:38:59","SolarOrbiter","SWA,MAG","Heliosphere.Inner","6012","1","7214.0","0.9982"
"2020-07-16T12:40:00","2020-07-16T12:40:59","SolarOrbiter","SWA,MAG","Heliosphere.Inner","6032","1","7238.0","0.9982"
"2020-07-16T12:45:00","2020-07-16T12:45:59","SolarOrbiter","SWA,MAG","Heliosphere.Inner","6397","1","7676.0","0.9981"
"2020-07-23T00:00:00","2020-07-23T23:59:59","SolarOrbiter","PAS","Heliosphere.Inner","2297","1","13782.0","0.9966"
"2020-07-23T00:00:00","2020-07-23T23:59:59","SolarOrbiter","PAS","Heliosphere.Inner","2866","1","17196.0","0.9957"
"2020-07-23T00:00:00","2020-07-23T23:59:59","PSP","","Sun","220","1","660.0","0.9998"
"2020-07-23T00:00:00","2020-07-23T23:59:59","SolarOrbiter","PAS","Heliosphere.Inner","1980","1","2805.0","0.9993"
"2020-07-23T00:00:00","2020-07-23T23:59:59","SolarOrbiter","PAS","Heliosphere.Inner","90","1","127.0","1.0000"
"2020-07-23T00:00:00","2020-07-23T23:59:59","SolarOrbiter","PAS","Heliosphere.Inner","9","1","12.0","1.0000"
"2020-07-23T12:00:00","2020-07-23T12:00:00","SolarOrbiter","PAS","Heliosphere.Inner","2362","1","14172.0","0.9965"
"2020-07-23T12:00:00","2020-07-23T12:00:00","SolarOrbiter","PAS","Heliosphere.Inner","48","1","68.0","1.0000"
"2020-07-23T16:00:00","2020-07-23T06:00:00","STEREO A","EUVI","Heliosphere.Remote1AU","588","1","7056.0","0.9983"
"2020-07-23T16:00:00","2020-07-23T06:00:00","SolarOrbiter","PAS","Heliosphere.Inner","19","1","26.0","1.0000"
"2020-07-23T18:00:00","2020-07-23T18:00:59","STEREO A","EUVI","Heliosphere.Remote1AU","1138","1","13656.0","0.9966"
"2020-07-23T18:00:00","2020-07-23T18:00:59","SolarOrbiter","PAS","Heliosphere.Inner","569","1","806.0","0.9998"
"2020-07-23T20:14:00","2020-07-23T21:50:00","PSP","","Sun","11787","1","35361.0","0.9913"
"2020-07-23T20:14:00","2020-07-23T21:50:00","PSP","","Sun","11787","1","100189.0","0.9752"
"2020-07-23T20:35:00","2020-07-23T21:20:00","PSP","","Sun","22096","1","66288.0","0.9836"
"2020-07-23T20:35:00","2020-07-23T21:20:00","PSP","","Sun","23578","1","70734.0","0.9825"
"2020-07-23T20:35:00","2020-07-23T21:20:00","SolarOrbiter","PAS","Heliosphere.Inner","1279","1","1811.0","0.9996"
"2020-07-23T20:35:00","2020-07-23T21:20:00","SolarOrbiter","PAS","Heliosphere.Inner","1186","1","1680.0","0.9996"
"2020-07-23T20:38:00","2020-07-23T20:38:59","PSP","","Sun","3273","1","9819.0","0.9976"
"2020-07-23T20:38:00","2020-07-23T20:38:59","PSP","","Sun","22176","1","66528.0","0.9836"
"2020-07-23T20:38:00","2020-07-23T20:38:59","PSP","","Sun","3273","1","27820.0","0.9931"
"2020-07-23T20:38:00","2020-07-23T20:38:59","SolarOrbiter","PAS","Heliosphere.Inner","1359","1","1925.0","0.9995"
"2020-07-23T20:45:00","2020-07-23T21:30:59","PSP","","Sun","257","1","771.0","0.9998"
"2020-07-23T20:45:00","2020-07-23T21:30:59","PSP","","Sun","2753","1","8259.0","0.9980"
"2020-07-23T20:45:00","2020-07-23T21:30:59","PSP","","Sun","257","1","2184.0","0.9995"
"2020-07-23T20:45:00","2020-07-23T21:30:59","PSP","","Sun","2753","1","23400.0","0.9942"
"2020-07-23T21:02:00","2020-07-23T21:02:40","PSP","","Sun","6384","1","19152.0","0.9953"
"2020-07-23T21:02:00","2020-07-23T21:02:24","PSP","","Sun","8729","1","26187.0","0.9935"
"2020-07-23T21:02:00","2020-07-23T21:02:40","PSP","","Sun","6384","1","54264.0","0.9866"
"2020-07-23T21:02:00","2020-07-23T21:02:24","PSP","","Sun","8729","1","74196.0","0.9817"
"2020-07-23T21:02:24","2020-07-23T21:02:40","PSP","","Sun","8791","1","26373.0","0.9935"
"2020-07-23T21:02:24","2020-07-23T21:02:40","PSP","","Sun","8791","1","74723.0","0.9815"
"2020-07-23T21:29:00","2020-07-23T21:29:59","PSP","","Sun","3365","1","10095.0","0.9975"
"2020-07-23T21:29:00","2020-07-23T21:29:59","PSP","","Sun","22218","1","66654.0","0.9835"
"2020-07-23T21:29:00","2020-07-23T21:29:59","PSP","","Sun","3365","1","28602.0","0.9929"
"2020-07-23T21:29:00","2020-07-23T21:29:59","SolarOrbiter","PAS","Heliosphere.Inner","1401","1","1984.0","0.9995"
"2020-07-23T22:00:00","2020-07-23T02:00:00","STEREO A","EUVI","Heliosphere.Remote1AU","921","1","11052.0","0.9973"
"2020-07-23T22:00:00","2020-07-23T02:00:00","SolarOrbiter","PAS","Heliosphere.Inner","352","1","498.0","0.9999"
"2020-08-08T00:00:00","2020-08-08T23:59:59","SolarOrbiter","SWA/PAS,MAG,PAS","Heliosphere.Inner","225","1","567.0","0.9999"
"2020-08-08T00:00:00","2020-08-08T00:00:00","SolarOrbiter","SWA/PAS,MAG,PAS","Heliosphere.Inner","458","1","1154.0","0.9997"
"2020-10-15T00:00:00","2020-10-15T23:59:59","BepiColombo","","Mercury","202","1","1333.0","0.9997"
"2020-11-19T00:00:00","2020-11-19T23:59:59","SolarOrbiter","EUI","Heliosphere.Inner","3780","1","7560.0","0.9981"
"2020-11-19T12:00:00","2020-11-19T12:39:00","SolarOrbiter","EUI","Heliosphere.Inner","3860","1","7720.0","0.9981"
"2020-11-19T12:13:15","2020-11-19T12:16:45","SDO","","Earth.Magnetosphere","8589","1","17178.0","0.9958"
"2020-11-19T13:00:00","2020-11-19T13:39:00","SolarOrbiter","EUI","Heliosphere.Inner","3885","1","7770.0","0.9981"
"2020-11-19T13:09:00","2020-11-19T13:09:59","SDO","","Earth.Magnetosphere","5702","1","11404.0","0.9972"
"2020-11-19T13:10:00","2020-11-19T13:12:45","SDO","","Earth.Magnetosphere","1672","1","3344.0","0.9992"
"2020-11-19T13:15:00","2020-11-19T13:15:59","SDO","","Earth.Magnetosphere","5708","1","11416.0","0.9972"
"2020-11-19T14:00:00","2020-11-19T14:39:00","SolarOrbiter","EUI","Heliosphere.Inner","3914","1","7828.0","0.9981"
"2020-11-19T14:01:00","2020-11-19T14:09:00","SDO","","Earth.Magnetosphere","10718","1","21436.0","0.9947"
"2020-12-27T00:00:00","2020-12-27T23:59:59","SolarOrbiter","STEP,EPD/STEP","Heliosphere.Inner","101","1","196.0","1.0000"
"2020-12-27T04:40:00","2020-12-27T04:40:59","SolarOrbiter","STEP,EPD/STEP","Heliosphere.Inner","1975","1","3833.0","0.9991"
"2020-12-27T08:00:00","2020-12-27T08:00:59","SolarOrbiter","STEP,EPD/STEP","Heliosphere.Inner","1267","1","2459.0","0.9994"
"2020-12-27T08:00:00","2020-12-27T08:00:59","SolarOrbiter","STEP,EPD/STEP","Heliosphere.Inner","1585","1","3076.0","0.9992"
"2020-12-27T08:20:00","2020-12-27T08:20:59","SolarOrbiter","STEP,EPD/STEP","Heliosphere.Inner","6589","1","12790.0","0.9968"
"2020-12-27T08:45:00","2020-12-27T08:45:59","SolarOrbiter","STEP,EPD/STEP","Heliosphere.Inner","6600","1","12811.0","0.9968"
"2020-12-27T09:10:00","2020-12-27T09:10:59","SolarOrbiter","STEP,EPD/STEP","Heliosphere.Inner","1795","1","3484.0","0.9991"
"2020-12-27T09:10:00","2020-12-27T09:10:59","SolarOrbiter","STEP,EPD/STEP","Heliosphere.Inner","397","1","770.0","0.9998"
"2020-12-27T09:28:00","2020-12-27T09:28:59","SolarOrbiter","STEP,EPD/STEP","Heliosphere.Inner","1203","1","2335.0","0.9994"
"2020-12-27T09:34:00","2020-12-27T09:34:59","SolarOrbiter","STEP,EPD/STEP","Heliosphere.Inner","2993","1","5809.0","0.9986"
"2020-12-27T09:38:00","2020-12-27T09:38:59","SolarOrbiter","STEP,EPD/STEP","Heliosphere.Inner","951","1","1846.0","0.9995"
"2020-12-27T10:00:00","2020-12-27T10:00:59","SolarOrbiter","STEP,EPD/STEP","Heliosphere.Inner","5605","1","10880.0","0.9973"
"2020-12-27T10:00:00","2020-12-27T13:00:00","SolarOrbiter","STEP,EPD/STEP","Heliosphere.Inner","6109","1","11858.0","0.9971"
"2020-12-27T10:30:00","2020-12-27T15:00:00","SolarOrbiter","STEP,EPD/STEP","Heliosphere.Inner","1130","1","2193.0","0.9995"
"2020-12-27T10:30:00","2020-12-27T10:30:59","SolarOrbiter","STEP,EPD/STEP","Heliosphere.Inner","199","1","386.0","0.9999"
"2020-12-27T10:45:00","2020-12-27T10:45:59","SolarOrbiter","STEP,EPD/STEP","Heliosphere.Inner","1868","1","3626.0","0.9991"
"2020-12-27T11:30:00","2020-12-27T11:30:59","SolarOrbiter","STEP,EPD/STEP","Heliosphere.Inner","1918","1","3723.0","0.9991"
"2020-12-27T11:30:00","2020-12-27T11:30:59","SolarOrbiter","STEP,EPD/STEP","Heliosphere.Inner","2030","1","3940.0","0.9990"
"2020-12-27T11:30:20","2020-12-27T11:30:30","SolarOrbiter","STEP,EPD/STEP","Heliosphere.Inner","11369","1","22069.0","0.9945"
"2020-12-27T11:31:00","2020-12-27T11:31:10","SolarOrbiter","STEP,EPD/STEP","Heliosphere.Inner","11541","1","22403.0","0.9945"
"2020-12-27T12:20:00","2020-12-27T12:20:59","SolarOrbiter","STEP,EPD/STEP","Heliosphere.Inner","257","1","498.0","0.9999"
"2020-12-27T12:39:40","2020-12-27T12:39:46","SolarOrbiter","STEP,EPD/STEP","Heliosphere.Inner","1776","1","3447.0","0.9991"
"2020-12-27T12:39:54","2020-12-27T12:40:00","SolarOrbiter","STEP,EPD/STEP","Heliosphere.Inner","1814","1","3521.0","0.9991"
"2020-12-27T12:40:00","2020-12-27T12:40:59","SolarOrbiter","STEP,EPD/STEP","Heliosphere.Inner","473","1","918.0","0.9998"
"2020-12-27T12:40:00","2020-12-27T12:40:59","SolarOrbiter","STEP,EPD/STEP","Heliosphere.Inner","1147","1","2226.0","0.9994"
"2020-12-27T13:00:00","2020-12-27T13:00:59","SolarOrbiter","STEP,EPD/STEP","Heliosphere.Inner","7774","1","15090.0","0.9963"
"2020-12-27T13:25:00","2020-12-27T13:25:59","SolarOrbiter","STEP,EPD/STEP","Heliosphere.Inner","7782","1","15106.0","0.9963"
"2020-12-27T13:29:00","2020-12-27T13:29:59","SolarOrbiter","STEP,EPD/STEP","Heliosphere.Inner","7877","1","15290.0","0.9962"
"2021-02-23T00:00:00","2021-02-23T23:59:59","SolarOrbiter","EUI/HRI,EUI","Heliosphere.Inner","55","1","61.0","1.0000"
"2021-02-23T00:00:00","2021-02-23T00:00:00","SolarOrbiter","EUI/HRI,EUI","Heliosphere.Inner","8296","1","9333.0","0.9977"
"2021-02-23T00:00:00","2021-02-23T23:59:59","SolarOrbiter","SPICE,EUI,EUI/HRI","Heliosphere.Inner","1266","1","1688.0","0.9996"
"2021-02-23T16:55:15","2021-02-23T16:58:55","SolarOrbiter","SPICE,EUI,EUI/HRI","Heliosphere.Inner","1321","1","1761.0","0.9996"
"2021-02-23T16:59:08","2021-02-23T17:16:45","SolarOrbiter","SPICE,EUI,EUI/HRI","Heliosphere.Inner","1579","1","2105.0","0.9995"
"2021-02-23T17:13:25","2021-02-23T17:20:59","SolarOrbiter","EUI/HRI,EUI","Heliosphere.Inner","257","1","289.0","0.9999"
"2021-02-23T17:13:25","2021-02-23T17:20:59","SolarOrbiter","SPICE,EUI,EUI/HRI","Heliosphere.Inner","1389","1","1852.0","0.9995"
"2021-02-23T17:17:00","2021-02-23T17:17:20","SolarOrbiter","EUI/HRI,EUI","Heliosphere.Inner","2273","1","2557.0","0.9994"
"2021-02-23T17:17:20","2021-02-23T17:17:40","SolarOrbiter","EUI/HRI,EUI","Heliosphere.Inner","4998","1","5622.0","0.9986"
"2021-02-23T17:19:20","2021-02-23T17:20:00","SolarOrbiter","EUI/HRI,EUI","Heliosphere.Inner","7925","1","8915.0","0.9978"
"2021-02-23T17:19:40","2021-02-23T17:20:00","SolarOrbiter","EUI/HRI,EUI","Heliosphere.Inner","6776","1","7623.0","0.9981"
"2021-02-23T17:20:00","2021-02-23T17:21:00","SolarOrbiter","EUI/HRI,EUI","Heliosphere.Inner","7267","1","8175.0","0.9980"
"2021-02-23T17:42:00","2021-02-23T17:42:59","SDO","HMI,AIA","Earth.Magnetosphere","83","1","332.0","0.9999"
"2021-08-09T00:00:00","2021-08-09T23:59:59","SolarOrbiter","STEP,EPD/STEP","Heliosphere.Inner","98","1","190.0","1.0000"
"2021-08-10T00:00:00","2021-08-10T23:59:59","BepiColombo","","Mercury","24","1","158.0","1.0000"
"2021-08-11T00:00:00","2021-08-11T23:59:59","BepiColombo","","Mercury","794","2","10480.0","0.9974"
"2021-08-15T00:00:00","2021-08-15T23:59:59","SolarOrbiter","STEP,EPD/STEP","Heliosphere.Inner","302","1","586.0","0.9999"
"2021-09-14T00:00:00","2021-09-14T23:59:59","SolarOrbiter","EUI","Heliosphere.Inner","185","1","246.0","0.9999"
"2021-09-14T03:28:16","2021-09-14T03:29:28","SolarOrbiter","EUI","Heliosphere.Inner","19383","1","25844.0","0.9936"
"2021-09-14T03:29:00","2021-09-14T03:29:59","SolarOrbiter","EUI","Heliosphere.Inner","1661","1","2214.0","0.9995"
"2021-09-14T03:58:00","2021-09-14T03:58:59","SolarOrbiter","EUI","Heliosphere.Inner","7887","1","10516.0","0.9974"
"2021-09-14T04:11:00","2021-09-14T04:30:00","SolarOrbiter","EUI","Heliosphere.Inner","198","1","264.0","0.9999"
"2021-09-14T04:26:00","2021-09-14T04:26:59","SolarOrbiter","EUI","Heliosphere.Inner","1747","1","2329.0","0.9994"
"2022-03-17T00:00:00","2022-03-17T23:59:59","SolarOrbiter","EUI,EUI/HRI","Heliosphere.Inner","1245","1","4980.0","0.9988"
"2022-03-17T00:00:00","2022-03-17T00:00:00","Hinode","XRT","Earth.NearSurface","476","1","3808.0","0.9991"
"2022-03-17T00:00:00","2022-03-17T23:59:59","SolarOrbiter","EUI,EUI/HRI","Heliosphere.Inner","185","1","740.0","0.9998"
"2022-03-17T00:00:00","2022-03-17T23:59:59","SolarOrbiter","EUI,EUI/HRI","Heliosphere.Inner","10297","1","41188.0","0.9898"
"2022-03-17T03:32:00","2022-03-17T03:32:59","SolarOrbiter","EUI,EUI/HRI","Heliosphere.Inner","207","1","828.0","0.9998"
"2022-03-17T03:34:00","2022-03-17T03:34:59","SolarOrbiter","EUI,EUI/HRI","Heliosphere.Inner","5164","1","20656.0","0.9949"
"2022-03-19T00:00:00","2022-03-19T23:59:59","SolarOrbiter","EUI,EUI/HRI","Heliosphere.Inner","8116","1","32464.0","0.9920"

